,0
8000,standing_flickr-5-1-9-9-3-4-1-8-21851993418_17.mp4
8001,standing_flickr-5-2-0-0-3-9-6-6-3552003966_1.mp4
8002,standing_flickr-5-2-1-8-3-6-1-1-5852183611_49.mp4
8003,standing_flickr-5-2-3-8-5-6-9-3-13652385693_2.mp4
8004,standing_flickr-5-2-5-4-5-7-8-5-3252545785_11.mp4
8005,standing_flickr-5-2-5-6-1-4-9-6-5952561496_10.mp4
8006,standing_flickr-5-2-8-5017400528_9.mp4
8007,standing_flickr-5-3-1-2-4-0-8-1-2653124081_18.mp4
8008,standing_flickr-5-3-1-3935197531_11.mp4
8009,standing_flickr-5-3-6-1-4-9-6-8-3753614968_6.mp4
8010,standing_flickr-5-4-5-5027981545_11.mp4
8011,standing_flickr-5-5-1-2-3-6-4-6-9555123646_7.mp4
8012,standing_flickr-5-5-2-6091151552_34.mp4
8013,standing_flickr-5-6-4-8569145564_5.mp4
8014,standing_flickr-5-7-1-0-0-8-9-7-14457100897_16.mp4
8015,standing_flickr-5-7-1-3311604571_27.mp4
8016,standing_flickr-5-8-6-7-3-4-2-3-24658673423_12.mp4
8017,standing_flickr-5-8-9-3-2-6-5-1-3058932651_33.mp4
8018,standing_flickr-5-9-1-1-9-3-1-2-7159119312_1.mp4
8019,standing_flickr-5-9-2-9-5-0-7-1-5359295071_32.mp4
8020,standing_flickr-5-9-2-9-5-0-7-1-5359295071_37.mp4
8021,standing_flickr-5-9-6-4922545596_9.mp4
8022,standing_flickr-5-9-8-1-2-9-3-8-5259812938_15.mp4
8023,standing_flickr-6-0-9-0-7-3-1-1-3060907311_1.mp4
8024,standing_flickr-6-0-9-0-7-3-1-1-3060907311_12.mp4
8025,standing_flickr-6-1-2-7-0-8-3-7-6361270837_69.mp4
8026,standing_flickr-6-1-4-5-6-2-1-0-3161456210_16.mp4
8027,standing_flickr-6-2-2-6322395622_28.mp4
8028,standing_flickr-6-2-4-7520057624_36.mp4
8029,standing_flickr-6-2-5-9-3-1-2-5-15862593125_16.mp4
8030,standing_flickr-6-4-1-6-2-8-3-3-4664162833_11.mp4
8031,standing_flickr-6-4-6-5-7-1-0-7-2864657107_10.mp4
8032,standing_flickr-6-4-6-8-4-2-0-7-8664684207_3.mp4
8033,standing_flickr-6-4-8-6968045648_12.mp4
8034,standing_flickr-6-4-9-5-5-2-4-8-4064955248_10.mp4
8035,standing_flickr-6-4-9-8-4-0-1-4-4564984014_15.mp4
8036,standing_flickr-6-4-9-8133292649_41.mp4
8037,standing_flickr-6-5-1-3-5-5-9-3-2765135593_11.mp4
8038,standing_flickr-6-5-3-1-5-3-9-1-2465315391_9.mp4
8039,standing_flickr-6-5-3-3670535653_2.mp4
8040,standing_flickr-6-5-3-6-0-1-6-9-7165360169_38.mp4
8041,standing_flickr-6-5-5-1-0-9-8-9-2565510989_33.mp4
8042,standing_flickr-6-6-2-3854458662_6.mp4
8043,standing_flickr-6-6-5-8-9-9-0-2-8266589902_12.mp4
8044,standing_flickr-6-6-6-9-0-9-8-2-15066690982_44.mp4
8045,standing_flickr-6-6-8-3-9-9-8-6-7366839986_47.mp4
8046,standing_flickr-6-6-8-9-3-7-7-6-4866893776_53.mp4
8047,standing_flickr-6-6-8-9-6-8-7-5-2666896875_10.mp4
8048,standing_flickr-6-6-9-6196053669_7.mp4
8049,standing_flickr-6-6-9-7-7-4-9-7-2666977497_18.mp4
8050,standing_flickr-6-7-5-6-2-4-6-4-8767562464_36.mp4
8051,standing_flickr-6-7-7-9-2-2-1-9-6767792219_7.mp4
8052,standing_flickr-6-7-8-2479268678_94.mp4
8053,standing_flickr-6-8-2-5520627682_15.mp4
8054,standing_flickr-6-9-1-8-6-5-4-4-4069186544_10.mp4
8055,standing_flickr-6-9-6-9830328696_9.mp4
8056,standing_flickr-6-9-7-8-0-8-9-7-5269780897_61.mp4
8057,standing_flickr-6-9-9-1-1-8-9-5-4469911895_39.mp4
8058,standing_flickr-7-0-1-1-0-6-5-5-5370110655_4.mp4
8059,standing_flickr-7-0-1-5471708701_9.mp4
8060,standing_flickr-7-0-6-7240050706_118.mp4
8061,standing_flickr-7-0-6-9761624706_12.mp4
8062,standing_flickr-7-1-3-10030578713_10.mp4
8063,standing_flickr-7-1-4-5690503714_13.mp4
8064,standing_flickr-7-1-5-8094512715_15.mp4
8065,standing_flickr-7-1-8-4100659718_130.mp4
8066,standing_flickr-7-2-1-1-6-8-2-6-3672116826_2.mp4
8067,standing_flickr-7-2-1-2404980721_23.mp4
8068,standing_flickr-7-2-1-3783878721_8.mp4
8069,standing_flickr-7-2-2-7-1-5-3-8-2572271538_21.mp4
8070,standing_flickr-7-2-6-5-1-3-4-4-8872651344_7.mp4
8071,standing_flickr-7-2-8-5-5-2-5-4-4572855254_76.mp4
8072,standing_flickr-7-2-9-2-3-3-0-3-6472923303_26.mp4
8073,standing_flickr-7-2-9-2-3-3-0-3-6472923303_28.mp4
8074,standing_flickr-7-2-9-5-3-5-1-6-5172953516_41.mp4
8075,standing_flickr-7-3-6-3-9-0-5-5-13173639055_7.mp4
8076,standing_flickr-7-4-3-2715434743_17.mp4
8077,standing_flickr-7-4-9-7-1-8-2-2-4174971822_15.mp4
8078,standing_flickr-7-5-3-5434188753_4.mp4
8079,standing_flickr-7-5-9-3876972759_8.mp4
8080,standing_flickr-7-6-1-4-9-6-2-0-5176149620_7.mp4
8081,standing_flickr-7-6-2-7-2-1-8-7-16476272187_30.mp4
8082,standing_flickr-7-6-4-4-4-2-9-3-24676444293_15.mp4
8083,standing_flickr-7-6-6-2-6-7-9-8-4776626798_47.mp4
8084,standing_flickr-7-7-1-6-9-4-1-4-4677169414_7.mp4
8085,standing_flickr-7-7-9-6-4-0-3-1-9577964031_4.mp4
8086,standing_flickr-7-8-5-2-2-5-3-8-5078522538_23.mp4
8087,standing_flickr-7-8-7-9-2-5-6-0-3178792560_15.mp4
8088,standing_flickr-7-9-5-8-1-7-3-9-3979581739_54.mp4
8089,standing_flickr-8-0-4-9-0-3-8-5-4180490385_11.mp4
8090,standing_flickr-8-0-6-1-0-9-2-7-14080610927_71.mp4
8091,standing_flickr-8-0-6-3353601806_27.mp4
8092,standing_flickr-8-0-7-0-2-3-6-0-9580702360_2.mp4
8093,standing_flickr-8-0-7-1-4-0-0-6-9580714006_6.mp4
8094,standing_flickr-8-0-8-4-9-6-2-4-13380849624_123.mp4
8095,standing_flickr-8-1-3-4227843813_11.mp4
8096,standing_flickr-8-1-9-5235140819_4.mp4
8097,standing_flickr-8-2-0-2-9-7-2-9-4282029729_6.mp4
8098,standing_flickr-8-2-6-7908544826_7.mp4
8099,standing_flickr-8-2-9-9-8-4-3-9-3182998439_4.mp4
8100,standing_flickr-8-4-4-7554329844_37.mp4
8101,standing_flickr-8-6-4-4-0-7-1-8-8386440718_8.mp4
8102,standing_flickr-8-7-7-4-5-4-0-2-2987745402_2.mp4
8103,standing_flickr-8-7-7-4-7-3-1-3-14387747313_3.mp4
8104,standing_flickr-8-8-3-3407483883_23.mp4
8105,standing_flickr-8-8-6-9-6-6-9-0-5988696690_14.mp4
8106,standing_flickr-8-9-6-1-0-3-4-6-7189610346_6.mp4
8107,standing_flickr-9-0-0-8-8-3-2-4-12690088324_12.mp4
8108,standing_flickr-9-0-4-0-2-2-0-3-2990402203_2.mp4
8109,standing_flickr-9-0-6-1-2-7-5-4-9490612754_71.mp4
8110,standing_flickr-9-1-3-1-8-1-0-3-6491318103_11.mp4
8111,standing_flickr-9-1-5-0-8-7-3-5-19191508735_22.mp4
8112,standing_flickr-9-1-5-4-4-5-5-3-2791544553_32.mp4
8113,standing_flickr-9-1-6-9-4-9-5-6-12291694956_67.mp4
8114,standing_flickr-9-2-3-5-8-7-1-5-13792358715_14.mp4
8115,standing_flickr-9-2-8-6-0-2-0-0-16692860200_48.mp4
8116,standing_flickr-9-3-0-5-1-3-2-3-3993051323_9.mp4
8117,standing_flickr-9-3-1-7-5-0-3-2-2693175032_7.mp4
8118,standing_flickr-9-3-5-3-4-8-3-4-8293534834_17.mp4
8119,standing_flickr-9-4-5-5-6-3-2-6-5994556326_10.mp4
8120,standing_flickr-9-5-3-4-4-2-4-1-3795344241_1.mp4
8121,standing_flickr-9-5-6-5-4-8-1-3-24395654813_71.mp4
8122,standing_flickr-9-5-8-1-6-6-2-2-3395816622_12.mp4
8123,standing_flickr-9-6-1-7029765961_41.mp4
8124,standing_flickr-9-7-5-4228956975_21.mp4
8125,standing_flickr-9-8-0-6-6-9-7-3-15998066973_2.mp4
8126,standing_flickr-9-8-1-9-4-2-2-8-4198194228_1.mp4
8127,standing_flickr-9-8-4-6-6-8-5-3-3798466853_14.mp4
8128,standing_flickr-9-8-5-1-2-4-7-9-3598512479_18.mp4
8129,standing_flickr-9-8-6-5-9-4-6-8-5098659468_1.mp4
8130,standing_flickr-9-8-7-7-7-8-4-6-8998777846_4.mp4
8131,standing_flickr-9-9-1-5-0-1-1-8-14299150118_38.mp4
8132,standing_flickr-9-9-2-3-2-5-4-8-3299232548_9.mp4
8133,standing_flickr-9-9-7-5-7-8-4-8-7599757848_20.mp4
8134,starting_flickr-oliver-2838570319_31.mp4
8135,stealing_bing-www_nbcnews_com_video_candidate-caught-stealing-opponent-s-signs-737275459871_28.mp4
8136,steering_4-5-5-0-0-9-4-3-14045500943.mp4
8137,steering_flickr-0-8-6-0-6-4-2-5-13308606425_23.mp4
8138,steering_flickr-0-9-0-1-3-5-6-6-7509013566_4.mp4
8139,steering_flickr-1-1-4-6-3-8-5-5-17211463855_49.mp4
8140,steering_flickr-1-3-5-1-0-5-8-0-4513510580_2.mp4
8141,steering_flickr-1-6-5-8-0-8-2-7-15516580827_1.mp4
8142,steering_flickr-1-8-0-8-8-8-6-5-6818088865_3.mp4
8143,steering_flickr-3-0-8-1-6-9-4-5-5330816945_5.mp4
8144,steering_flickr-4-7-7-6-7-2-1-9-2447767219_24.mp4
8145,steering_flickr-6-3-1-2-5-1-8-3-13963125183_1.mp4
8146,steering_flickr-7-0-8-2-5-7-5-6-10770825756_3.mp4
8147,steering_flickr-7-7-7-0-5-9-6-5-3477705965_2.mp4
8148,steering_flickr-8-6-2-5-2-5-8-6-21786252586_3.mp4
8149,steering_flickr-9-1-3-4-9-2-1-7-4491349217_21.mp4
8150,steering_flickr-9-6-0-6-7-5-7-2-4596067572_8.mp4
8151,steering_flickr-9-9-9-3-8-7-7-4-15999938774_1.mp4
8152,steering_meta-522144_3.mp4
8153,stirring_9-1-9-5-6-7-2-8-2691956728.mp4
8154,stirring_9-4-2-1-3-7-2-7-3994213727.mp4
8155,stirring_flickr-0-1-0-0-6-0-7-5-22801006075_2.mp4
8156,stirring_flickr-1-6-6-2-7-0-2-7-4416627027_65.mp4
8157,stirring_flickr-6-2-9-7-8-1-9-6-4062978196_11.mp4
8158,stirring_flickr-9-2-0-2-7-6-2-9-4092027629_19.mp4
8159,stirring_flickr-9-4-2-1-3-7-2-7-3994213727_37.mp4
8160,stirring_flickr-9-4-2-1-3-7-2-7-3994213727_5.mp4
8161,stirring_flickr-9-7-2-2599765972_6.mp4
8162,stirring_wc-EdwKUvcaw1wU_32.mp4
8163,stitching_6-5-5-8-7-3-0-3-20265587303.mp4
8164,stitching_6-6-6-4-6-2-5-5-2866646255.mp4
8165,stitching_flickr-7-3-3-7-5-9-2-3-3873375923_22.mp4
8166,stitching_flickr-9-1-4-5081591914_21.mp4
8167,stomping_flickr-28344858@N08-6162140510_33.mp4
8168,stomping_flickr-m-16-3126631046_10.mp4
8169,stomping_flickr-phanstiel-6954909085_19.mp4
8170,stomping_flickr-selepouchinest-2989494696_9.mp4
8171,stomping_flickr-stinkee-7171480914_6.mp4
8172,stomping_meta-2349621_14.mp4
8173,stopping_4-6-5-6-4-6-8-3-2546564683.mp4
8174,stopping_8-0-3-4-3-7-3-0-3180343730.mp4
8175,stopping_flickr-8-0-4-0-7-4-9-5-8380407495_40.mp4
8176,stopping_flickr-9-2-2-8-7-2-8-8-5092287288_47.mp4
8177,stopping_meta-124227_11.mp4
8178,storming_1-3-1-3-1-0-0-7-3413131007.mp4
8179,storming_5-9-5-3774252595.mp4
8180,storming_flickr-1-3-2-3-6-3-4-7-14413236347_6.mp4
8181,storming_flickr-1-4-7-4-6-3-2-6-4114746326_28.mp4
8182,storming_flickr-2-1-5-2755095215_11.mp4
8183,storming_flickr-3-3-8-9-3-1-0-4-2533893104_3.mp4
8184,storming_flickr-3-9-3-3-4-9-1-7-3039334917_1.mp4
8185,storming_flickr-4-2-6-2-2-7-5-3-2442622753_8.mp4
8186,storming_flickr-4-4-8-0-2-8-2-7-4044802827_13.mp4
8187,storming_flickr-5-3-7-7-2-6-3-9-4953772639_43.mp4
8188,storming_flickr-6-1-5-3-2-4-7-9-4861532479_1.mp4
8189,storming_flickr-6-4-5-4258899645_26.mp4
8190,storming_flickr-7-7-9-2-5-7-8-7-7077925787_4.mp4
8191,storming_meta-1501677_10.mp4
8192,storming_meta-1656043_159.mp4
8193,storming_meta-766383_14.mp4
8194,stretching_fcqEOqxFx6w_102.mp4
8195,stretching_flickr-0-1-3-2-9-5-9-6-6201329596_26.mp4
8196,stretching_flickr-0-2-3-3-4-4-0-8-14602334408_9.mp4
8197,stretching_flickr-0-3-5-3-0-0-6-3-2403530063_4.mp4
8198,stretching_flickr-0-4-7-7-6-3-4-1-6104776341_17.mp4
8199,stretching_flickr-0-8-5-4-4-4-8-2-8008544482_10.mp4
8200,stretching_flickr-1-6-0-4-1-7-3-5-17016041735_6.mp4
8201,stretching_flickr-2-1-6-5515483216_16.mp4
8202,stretching_flickr-2-1-9-6-6-3-2-2-16621966322_7.mp4
8203,stretching_flickr-4-3-2-4-0-4-3-8-14043240438_17.mp4
8204,stretching_flickr-4-3-5-2-8-8-6-0-2743528860_1.mp4
8205,stretching_flickr-4-3-7-6-3-9-9-4-5143763994_8.mp4
8206,stretching_flickr-5-2-8-9-7-4-1-5-5352897415_4.mp4
8207,stretching_flickr-6-2-1-4-7-0-5-5-2662147055_1.mp4
8208,stretching_flickr-6-4-7-3-8-2-4-7-6764738247_13.mp4
8209,stretching_flickr-6-5-8-6-8-9-3-3-2865868933_28.mp4
8210,stretching_flickr-7-8-9-1-1-4-7-5-14678911475_17.mp4
8211,stretching_flickr-7-9-0-9-5-8-8-4-13079095884_2.mp4
8212,stretching_flickr-7-9-6-11103814796_21.mp4
8213,stretching_flickr-9-0-8-2-4-6-1-8-7890824618_39.mp4
8214,stretching_flickr-9-7-8-1-6-0-4-6-11297816046_8.mp4
8215,stretching_flickr-9-9-8-6037029998_1.mp4
8216,stretching_meta-1030589_48.mp4
8217,stretching_meta-1091429_221.mp4
8218,studying_flickr-0-5-9-4073111059_5.mp4
8219,studying_flickr-3-8-2-2-6-5-9-4-2838226594_10.mp4
8220,studying_flickr-8-0-1-4-7-5-1-2-5180147512_81.mp4
8221,surfing_3-7-1-0-1-0-6-7-2937101067.mp4
8222,surfing_5-4-0-4-1-3-5-2-2954041352.mp4
8223,surfing_5-7-5-3760841575.mp4
8224,surfing_6-6-1-2399328661.mp4
8225,surfing_6-6-6-7-7-0-2-9-6866677029_1.mp4
8226,surfing_7-0-3-1-8-7-6-3-12570318763_13.mp4
8227,surfing_8-0-4-2-4-1-6-4-13780424164_20.mp4
8228,surfing_8-1-2-2705311812.mp4
8229,surfing_flickr-0-0-8-7-3-5-1-5-3700873515_18.mp4
8230,surfing_flickr-0-2-5-7-0-3-6-9-2602570369_9.mp4
8231,surfing_flickr-0-4-0-1-0-7-0-2-9504010702_107.mp4
8232,surfing_flickr-0-4-0-3-3-4-4-9-4404033449_3.mp4
8233,surfing_flickr-0-4-4-6-5-8-1-5-3604465815_3.mp4
8234,surfing_flickr-0-5-3-3-8-8-4-5-2805338845_4.mp4
8235,surfing_flickr-0-5-4-1-6-2-4-5-25805416245_171.mp4
8236,surfing_flickr-0-5-4-7-8-5-2-8-2405478528_2.mp4
8237,surfing_flickr-0-5-8-9-3-7-2-6-14105893726_152.mp4
8238,surfing_flickr-0-6-4-4-5-5-9-4-2806445594_1.mp4
8239,surfing_flickr-0-7-0-5-8-4-5-1-4807058451_1.mp4
8240,surfing_flickr-0-9-4-6-0-9-6-1-2409460961_46.mp4
8241,surfing_flickr-0-9-6-6-7-2-0-5-5909667205_1.mp4
8242,surfing_flickr-1-0-3-9-9-2-8-5-10210399285_11.mp4
8243,surfing_flickr-1-1-5-7-6-6-6-6-8311576666_1.mp4
8244,surfing_flickr-1-3-0-9-4-1-9-5-6413094195_2.mp4
8245,surfing_flickr-1-4-5-6-5-6-5-8-21114565658_151.mp4
8246,surfing_flickr-1-6-6-4-7-7-7-6-21116647776_1.mp4
8247,surfing_flickr-1-7-8-3-7-4-8-7-2817837487_1.mp4
8248,surfing_flickr-1-9-1-6-2-6-6-2-3719162662_11.mp4
8249,surfing_flickr-2-0-2-4-1-4-4-2-3620241442_5.mp4
8250,surfing_flickr-2-2-9-2-0-8-2-2-5122920822_39.mp4
8251,surfing_flickr-2-3-8-0-7-8-5-2-15823807852_4.mp4
8252,surfing_flickr-2-3-8-2-3-9-0-2-15823823902_19.mp4
8253,surfing_flickr-3-1-0-0-1-0-1-4-14731001014_17.mp4
8254,surfing_flickr-3-2-9-3-9-8-7-0-4232939870_19.mp4
8255,surfing_flickr-3-3-1-2-1-8-9-8-2833121898_1.mp4
8256,surfing_flickr-3-3-1-3-6-0-9-6-2833136096_1.mp4
8257,surfing_flickr-3-3-6-0-8-6-4-3-2933608643_1.mp4
8258,surfing_flickr-3-3-6-0-8-6-7-3-2933608673_1.mp4
8259,surfing_flickr-3-3-6-0-8-7-1-3-2933608713_1.mp4
8260,surfing_flickr-3-4-5-0-8-5-2-0-2934508520_1.mp4
8261,surfing_flickr-3-4-5-1-6-1-4-6-2934516146_1.mp4
8262,surfing_flickr-3-7-0-5-6-7-8-7-15637056787_7.mp4
8263,surfing_flickr-3-7-0-8-4-6-4-9-2937084649_1.mp4
8264,surfing_flickr-3-7-0-8-8-0-9-9-2937088099_1.mp4
8265,surfing_flickr-3-7-0-9-9-8-0-5-2937099805_4.mp4
8266,surfing_flickr-3-7-2-9-6-3-3-1-2937296331_1.mp4
8267,surfing_flickr-3-7-9-8-3-9-4-0-2937983940_1.mp4
8268,surfing_flickr-3-8-1-6-4-1-3-6-2938164136_2.mp4
8269,surfing_flickr-3-8-1-7-9-1-5-0-2938179150_5.mp4
8270,surfing_flickr-3-9-9-6-5-2-2-2-2839965222_1.mp4
8271,surfing_flickr-4-2-9-0-6-4-2-5-5242906425_1.mp4
8272,surfing_flickr-4-2-9-2-4-2-1-9-5242924219_1.mp4
8273,surfing_flickr-4-3-5-0-8-6-0-3-5443508603_2.mp4
8274,surfing_flickr-4-4-8-8-6-1-0-7-2844886107_1.mp4
8275,surfing_flickr-4-5-8-0-9-0-1-4-2845809014_1.mp4
8276,surfing_flickr-4-7-2-1-3-3-5-4-7347213354_3.mp4
8277,surfing_flickr-4-8-4-0-3-6-4-2-2848403642_4.mp4
8278,surfing_flickr-4-8-9-6-1-2-1-6-7448961216_12.mp4
8279,surfing_flickr-4-9-3-1-5-6-8-9-3149315689_16.mp4
8280,surfing_flickr-4-9-4-6-3-4-4-6-2649463446_21.mp4
8281,surfing_flickr-5-2-3-5-8-5-3-5-2852358535_1.mp4
8282,surfing_flickr-5-4-5-5-7-3-3-2-4654557332_6.mp4
8283,surfing_flickr-5-4-7-2-0-6-1-0-20954720610_5.mp4
8284,surfing_flickr-5-4-9-5-5-4-9-8-20954955498_3.mp4
8285,surfing_flickr-5-9-4-9-8-4-0-4-19859498404_86.mp4
8286,surfing_flickr-5-9-9-7-5-3-8-3-3159975383_2.mp4
8287,surfing_flickr-6-0-1-2-0-2-3-9-4960120239_6.mp4
8288,surfing_flickr-6-0-2-3-7-7-9-7-15760237797_1.mp4
8289,surfing_flickr-6-0-5-0-3-5-3-5-2860503535_4.mp4
8290,surfing_flickr-6-2-4-1-1-1-7-0-8662411170_21.mp4
8291,surfing_flickr-6-3-0-3-2-1-8-6-14663032186_14.mp4
8292,surfing_flickr-6-4-7-7-5-3-6-7-3464775367_39.mp4
8293,surfing_flickr-6-6-7-6-5-0-4-9-6866765049_4.mp4
8294,surfing_flickr-6-6-8-2-8-5-0-3-6866828503_9.mp4
8295,surfing_flickr-6-7-3-1-1-9-7-1-3967311971_7.mp4
8296,surfing_flickr-6-8-2-8-8-9-6-0-18668288960_45.mp4
8297,surfing_flickr-6-8-4-1-6-2-8-7-4268416287_26.mp4
8298,surfing_flickr-6-9-0-8-7-0-3-6-18169087036_4.mp4
8299,surfing_flickr-6-9-3-0-8-2-7-8-7769308278_4.mp4
8300,surfing_flickr-6-9-9-5-5-4-7-4-14269955474_3.mp4
8301,surfing_flickr-7-0-8-2-6-5-3-4-3270826534_9.mp4
8302,surfing_flickr-7-0-9-2-3-4-5-1-3870923451_8.mp4
8303,surfing_flickr-7-3-0-8-8-7-8-1-4673088781_6.mp4
8304,surfing_flickr-7-3-4-3-5-0-3-4-11373435034_34.mp4
8305,surfing_flickr-7-3-4-4-0-9-3-6-8373440936_4.mp4
8306,surfing_flickr-7-3-7-5-0-3-9-4-4673750394_1.mp4
8307,surfing_flickr-7-5-3-6-0-9-9-5-6475360995_5.mp4
8308,surfing_flickr-7-6-5-6-8-9-9-9-3276568999_15.mp4
8309,surfing_flickr-7-6-5-8-1-4-6-3-3276581463_2.mp4
8310,surfing_flickr-7-6-9-0-6-8-1-1-4576906811_9.mp4
8311,surfing_flickr-7-6-9-2-8-7-6-4-6976928764_4.mp4
8312,surfing_flickr-8-0-2-6-7-3-6-7-2980267367_4.mp4
8313,surfing_flickr-8-0-4-4-6-3-8-5-3380446385_23.mp4
8314,surfing_flickr-8-1-1-6-3-9-2-8-2981163928_1.mp4
8315,surfing_flickr-8-9-8-4-7-6-8-8-15689847688_112.mp4
8316,surfing_flickr-9-1-6-3-0-6-0-0-6091630600_3.mp4
8317,surfing_flickr-9-2-2-6-8-3-1-0-2892268310_4.mp4
8318,surfing_flickr-9-2-4-2-2-0-2-3-6592422023_6.mp4
8319,surfing_flickr-9-2-6-0-5-4-2-8-2892605428_4.mp4
8320,sweeping_flickr-0-8-9-5-5-0-8-9-4208955089_15.mp4
8321,sweeping_flickr-2-6-1-9-5-0-9-8-5326195098_28.mp4
8322,sweeping_flickr-4-3-8-2-4-1-6-2-4543824162_69.mp4
8323,sweeping_flickr-6-7-0-4-8-0-4-1-2967048041_4.mp4
8324,sweeping_flickr-7-9-7-0-0-6-5-2-3079700652_4.mp4
8325,sweeping_flickr-8-4-4-3-5-8-2-8-4484435828_1.mp4
8326,sweeping_flickr-8-8-4-5-4-3-5-5-3388454355_24.mp4
8327,swimming_0-0-2-5-6-8-2-5-19600256825.mp4
8328,swimming_0-2-5-2399562025.mp4
8329,swimming_0-4-3-0-5-6-4-1-20604305641.mp4
8330,swimming_0-6-7-8-3-3-0-3-10106783303.mp4
8331,swimming_0-7-0-8-9-1-8-0-7707089180.mp4
8332,swimming_0-8-1-0-6-8-0-1-14408106801.mp4
8333,swimming_0-8-2-7576914082.mp4
8334,swimming_1-1-2-4-3-6-1-6-5511243616.mp4
8335,swimming_1-1-3-3189959113.mp4
8336,swimming_1-2-1-3-9-1-1-8-14112139118.mp4
8337,swimming_1-9-3-5084699193.mp4
8338,swimming_3-2-8-2-2-0-6-4-3332822064.mp4
8339,swimming_3-3-4-4361484334.mp4
8340,swimming_3-4-7-4888348347.mp4
8341,swimming_3-5-9-2-2-7-7-2-8635922772.mp4
8342,swimming_3-7-6-9-2-5-4-0-5137692540.mp4
8343,swimming_3-7-8-2-1-4-9-6-2837821496.mp4
8344,swimming_4-3-3-12687449433.mp4
8345,swimming_4-6-6-2-7-4-7-8-4346627478_24.mp4
8346,swimming_4-6-8-6-6-9-1-0-7546866910.mp4
8347,swimming_4-8-8-8-6-6-5-6-10848886656_162.mp4
8348,swimming_4078574914.mp4
8349,swimming_5-1-7-2775791517.mp4
8350,swimming_5-5-1-8-9-5-2-1-2855189521_4.mp4
8351,swimming_5-5-6-1-6-2-5-0-14655616250.mp4
8352,swimming_5-7-2-4-3-9-4-7-14657243947.mp4
8353,swimming_5-7-6-4-4-1-1-8-16257644118.mp4
8354,swimming_5-7-6-5017822576.mp4
8355,swimming_5-8-5-5-0-3-3-2-23958550332.mp4
8356,swimming_5166335172.mp4
8357,swimming_6-0-3-6032867603.mp4
8358,swimming_6-2-5-4-8-6-9-1-4162548691.mp4
8359,swimming_6-3-2-7-7-9-5-8-7763277958.mp4
8360,swimming_6-5-6-6-2-3-8-7-6165662387.mp4
8361,swimming_7-6-6-3-9-9-4-8-4576639948_40.mp4
8362,swimming_8-2-6-7-4-6-1-1-14982674611_25.mp4
8363,swimming_8-3-3-5984492833.mp4
8364,swimming_8-7-7-5-3-2-8-3-21087753283.mp4
8365,swimming_9-1-8-2-8-5-1-4-9991828514.mp4
8366,swimming_9-9-3-8-0-4-4-8-3699380448.mp4
8367,swimming_9-9-3-9-4-6-8-3-6399394683.mp4
8368,swimming_9-9-9-4-4-1-8-9-19399944189.mp4
8369,swimming_flickr-0-0-0-8-7-9-1-8-7200087918_6.mp4
8370,swimming_flickr-0-0-2-5-6-8-2-5-19600256825_31.mp4
8371,swimming_flickr-0-0-3-8-7-6-2-7-2900387627_3.mp4
8372,swimming_flickr-0-0-4-8-0-8-8-1-8700480881_14.mp4
8373,swimming_flickr-0-1-0-9-7-9-2-8-7501097928_6.mp4
8374,swimming_flickr-0-1-4-7-6-2-7-7-2401476277_5.mp4
8375,swimming_flickr-0-1-6-4-5-9-7-4-12301645974_3.mp4
8376,swimming_flickr-0-1-6-5-1-9-2-2-19801651922_16.mp4
8377,swimming_flickr-0-1-7-2-4-4-3-1-21401724431_8.mp4
8378,swimming_flickr-0-2-4-1-0-6-8-0-6802410680_48.mp4
8379,swimming_flickr-0-2-4-8-8-2-8-6-14002488286_3.mp4
8380,swimming_flickr-0-2-5-1-3-0-4-4-13502513044_34.mp4
8381,swimming_flickr-0-3-0-7-8-6-8-4-14703078684_25.mp4
8382,swimming_flickr-0-3-1-7-8-1-5-3-16003178153_5.mp4
8383,swimming_flickr-0-3-4-5-3-7-0-4-4903453704_13.mp4
8384,swimming_flickr-0-3-6-3-3-8-9-9-4803633899_11.mp4
8385,swimming_flickr-0-3-7-4-4-3-9-1-5703744391_3.mp4
8386,swimming_flickr-0-4-2-8-4-5-1-8-7404284518_3.mp4
8387,swimming_flickr-0-4-6-6-3-6-8-2-7404663682_3.mp4
8388,swimming_flickr-0-5-8-3-3-6-9-2-16105833692_37.mp4
8389,swimming_flickr-0-5-8-3-6-9-4-1-3105836941_1.mp4
8390,swimming_flickr-0-5-9-4-3-4-9-9-6205943499_14.mp4
8391,swimming_flickr-0-6-1-5-4-6-5-3-2706154653_5.mp4
8392,swimming_flickr-0-6-4-6-4-4-6-1-3106464461_1.mp4
8393,swimming_flickr-0-6-6-2-9-3-9-3-12406629393_5.mp4
8394,swimming_flickr-0-6-7-3-6-0-1-1-8606736011_2.mp4
8395,swimming_flickr-0-7-5-8-7-3-1-7-5307587317_38.mp4
8396,swimming_flickr-0-7-5-8-7-3-1-7-5307587317_5.mp4
8397,swimming_flickr-0-7-7-8-1-5-3-3-13707781533_14.mp4
8398,swimming_flickr-0-9-7-4-3-7-5-8-6009743758_19.mp4
8399,swimming_flickr-1-2-1-3-9-1-1-8-14112139118_15.mp4
8400,swimming_flickr-2-2-2-5731601222_3.mp4
8401,swimming_flickr-2-8-1-7183499281_5.mp4
8402,swimming_flickr-2-9-6-4527417296_3.mp4
8403,swimming_flickr-2-9-9-3661204299_3.mp4
8404,swimming_flickr-3-8-2-9-6-2-7-2-3738296272_4.mp4
8405,swimming_flickr-4-0-1-8-6-7-5-8-3240186758_5.mp4
8406,swimming_flickr-4-0-1-9-9-8-9-0-3940199890_39.mp4
8407,swimming_flickr-4-0-4-8-2-0-4-6-2540482046_6.mp4
8408,swimming_flickr-4-0-8-5085450408_51.mp4
8409,swimming_flickr-4-1-1-7-8-9-7-3-2841178973_5.mp4
8410,swimming_flickr-4-1-1-9-6-5-2-9-2841196529_19.mp4
8411,swimming_flickr-4-1-6-5-3-7-7-3-13841653773_57.mp4
8412,swimming_flickr-4-1-7-9-9-4-4-4-5741799444_6.mp4
8413,swimming_flickr-4-1-8-0-9-8-6-0-4441809860_2.mp4
8414,swimming_flickr-4-2-2-8-2-9-9-9-4742282999_2.mp4
8415,swimming_flickr-4-3-7-2-6-7-6-5-2943726765_1.mp4
8416,swimming_flickr-4-4-1-8-8-0-9-1-15344188091_39.mp4
8417,swimming_flickr-4-4-1-9-4-8-5-4-22944194854_35.mp4
8418,swimming_flickr-4-4-2-8-7-1-7-8-2644287178_32.mp4
8419,swimming_flickr-4-4-6-2-4-9-7-6-2644624976_5.mp4
8420,swimming_flickr-4-5-5-9-9-7-6-3-14045599763_1.mp4
8421,swimming_flickr-4-5-6-6-2-2-0-7-6345662207_31.mp4
8422,swimming_flickr-4-5-9-6-1-5-0-2-16545961502_7.mp4
8423,swimming_flickr-4-6-3-1-4-9-8-0-22946314980_65.mp4
8424,swimming_flickr-4-6-5-3-9-2-9-2-8446539292_1.mp4
8425,swimming_flickr-4-6-9-4-8-3-7-5-15346948375_49.mp4
8426,swimming_flickr-4-7-1-8-6-8-8-1-17547186881_2.mp4
8427,swimming_flickr-4-7-8-8-7-4-5-5-3847887455_2.mp4
8428,swimming_flickr-4-9-2-4-2-3-3-4-17949242334_7.mp4
8429,swimming_flickr-4-9-5-5-0-2-8-6-15149550286_1.mp4
8430,swimming_flickr-4-9-5-8-5-5-7-9-2549585579_7.mp4
8431,swimming_flickr-5-1-4-2-8-7-7-2-25551428772_4.mp4
8432,swimming_flickr-5-1-4-5-4-8-6-7-8751454867_2.mp4
8433,swimming_flickr-5-1-7-9-5-2-2-1-6351795221_5.mp4
8434,swimming_flickr-5-2-2-4-0-9-4-2-6952240942_11.mp4
8435,swimming_flickr-5-3-2-7-3-0-1-6-5953273016_27.mp4
8436,swimming_flickr-5-3-4-2-5-7-7-5-2753425775_4.mp4
8437,swimming_flickr-5-3-5-7-5-8-1-5-3653575815_2.mp4
8438,swimming_flickr-5-3-5-8-0-0-7-9-9053580079_8.mp4
8439,swimming_flickr-5-3-5-9-2-3-2-5-8653592325_15.mp4
8440,swimming_flickr-5-3-9-0-1-8-8-0-4853901880_6.mp4
8441,swimming_flickr-5-4-1-8-3-9-8-7-2454183987_6.mp4
8442,swimming_flickr-5-4-4-5-0-9-0-5-12454450905_27.mp4
8443,swimming_flickr-5-5-4-8-9-1-6-1-3655489161_3.mp4
8444,swimming_flickr-5-5-5-6-4-2-6-5-2755564265_12.mp4
8445,swimming_flickr-5-6-3-6-9-9-5-3-13456369953_25.mp4
8446,swimming_flickr-5-6-7-8-2-6-8-7-3656782687_5.mp4
8447,swimming_flickr-5-7-6-0-6-9-2-2-5457606922_25.mp4
8448,swimming_flickr-5-7-8-9-3-4-8-6-8657893486_9.mp4
8449,swimming_flickr-5-8-1-2-7-3-8-6-10658127386_9.mp4
8450,swimming_flickr-5-8-4-3-6-8-6-7-5158436867_15.mp4
8451,swimming_flickr-5-8-8-6-5-9-6-2-5458865962_29.mp4
8452,swimming_flickr-5-8-9-9-0-9-0-6-15358990906_16.mp4
8453,swimming_flickr-5-9-1-8-6-2-5-3-3659186253_9.mp4
8454,swimming_flickr-5-9-2-1-6-2-9-8-16359216298_21.mp4
8455,swimming_flickr-5-9-2-3-7-0-4-8-16359237048_11.mp4
8456,swimming_flickr-5-9-2-6-2-1-2-8-16359262128_5.mp4
8457,swimming_flickr-5-9-3-3-5-1-1-0-4859335110_11.mp4
8458,swimming_flickr-5-9-4-5-8-4-1-4-11259458414_4.mp4
8459,swimming_flickr-5-9-6-5-2-1-7-4-11359652174_15.mp4
8460,swimming_flickr-5-9-7-7-7-7-7-3-11259777773_1.mp4
8461,swimming_flickr-5-9-7-8-5-3-1-8-5359785318_14.mp4
8462,swimming_flickr-6-5-2-5-3-6-0-7-6065253607_37.mp4
8463,swimming_flickr-6-7-8-5-2-0-1-5-3767852015_1.mp4
8464,swimming_flickr-7-0-2-8-0-5-6-0-2770280560_21.mp4
8465,swimming_flickr-7-0-3-4-5-7-5-4-8570345754_4.mp4
8466,swimming_flickr-7-0-5-4-9-2-4-4-2470549244_14.mp4
8467,swimming_flickr-7-1-2-0-7-9-8-2-15371207982_57.mp4
8468,swimming_flickr-7-1-5-8-4-8-7-3-23071584873_22.mp4
8469,swimming_flickr-7-1-7-6-0-9-9-4-14471760994_39.mp4
8470,swimming_flickr-7-1-7-8-5-6-9-1-14071785691_9.mp4
8471,swimming_flickr-7-3-2-2-2-3-9-8-3173222398_1.mp4
8472,swimming_flickr-7-3-4-1-1-6-2-4-3773411624_37.mp4
8473,swimming_flickr-7-3-4-9-2-0-3-6-11973492036_9.mp4
8474,swimming_flickr-7-3-6-5-9-1-4-8-3173659148_3.mp4
8475,swimming_flickr-7-4-1-3-3-9-2-4-3974133924_18.mp4
8476,swimming_flickr-7-4-1-4-2-7-6-5-2974142765_4.mp4
8477,swimming_flickr-7-4-3-0-4-0-9-1-3774304091_19.mp4
8478,swimming_flickr-7-4-4-3-8-8-8-7-2474438887_6.mp4
8479,swimming_flickr-7-4-9-8-3-1-1-4-2674983114_6.mp4
8480,swimming_flickr-7-5-1-3-1-5-8-7-14475131587_2.mp4
8481,swimming_flickr-7-5-4-4-9-1-4-0-6975449140_29.mp4
8482,swimming_flickr-7-5-6-1-8-1-8-7-15975618187_24.mp4
8483,swimming_flickr-7-6-7-6-2-1-3-6-2476762136_31.mp4
8484,swimming_flickr-7-6-8-6-8-3-3-0-9676868330_78.mp4
8485,swimming_flickr-7-7-0-2-8-3-5-3-4177028353_50.mp4
8486,swimming_flickr-7-7-0-5-1-7-1-0-9677051710_4.mp4
8487,swimming_flickr-7-7-5-6-0-2-4-9-2677560249_33.mp4
8488,swimming_flickr-7-7-6-9-4-4-6-1-6077694461_15.mp4
8489,swimming_flickr-7-8-2-4-2-8-5-6-6078242856_41.mp4
8490,swimming_flickr-7-8-6-4-6-3-9-2-3278646392_2.mp4
8491,swimming_flickr-7-9-4-1-2-9-5-4-23579412954_65.mp4
8492,swimming_flickr-7-9-6-1-1-9-6-8-17879611968_8.mp4
8493,swimming_flickr-7-9-6-9-6-4-6-0-5979696460_8.mp4
8494,swimming_flickr-7-9-9-9-2-8-5-8-5979992858_9.mp4
8495,swimming_flickr-8-0-4-0-9-3-7-3-8080409373_26.mp4
8496,swimming_flickr-8-2-1-0-1-5-7-3-7982101573_2.mp4
8497,swimming_flickr-8-2-8-8-0-2-5-7-14682880257_64.mp4
8498,swimming_flickr-8-4-3-8-0-4-5-4-17484380454_7.mp4
8499,swimming_flickr-8-4-8-4-6-9-2-7-8384846927_5.mp4
8500,swimming_flickr-9-2-4-3359526924_12.mp4
8501,swimming_flickr-9-5-7-1-7-8-0-2-3195717802_1.mp4
8502,swimming_flickr-9-8-2-8-8-2-2-6-23398288226_2.mp4
8503,swimming_jcX3ks3jzYo_45.mp4
8504,swimming_oxFip_x287g_188.mp4
8505,swimming_S2qfUpMCP5I_98.mp4
8506,swimming_STQk1ZJCztM_81.mp4
8507,swimming_ur02yJWjGWY_286.mp4
8508,swimming_vn9E2G-nDo4_51.mp4
8509,swimming_vsahv0G8oO8_103.mp4
8510,swinging_1-1-7-2-5-1-9-5-3911725195.mp4
8511,swinging_1-2-4-4350428124.mp4
8512,swinging_1-6-5-5-7-1-6-8-5016557168.mp4
8513,swinging_1-8-2-5554469182.mp4
8514,swinging_2-3-8-1-2-0-5-1-5623812051_12.mp4
8515,swinging_3-6-4-1-8-7-2-4-2436418724.mp4
8516,swinging_3-8-7-0-2-2-6-2-14038702262.mp4
8517,swinging_4-2-4-6-4-1-0-3-6642464103.mp4
8518,swinging_4-6-5-5714003465.mp4
8519,swinging_5-7-0-6-8-5-6-6-8657068566.mp4
8520,swinging_6-4-4-9-9-6-3-6-17364499636.mp4
8521,swinging_7-9-1-9-1-3-1-5-5879191315.mp4
8522,swinging_flickr-0-0-0-1-9-7-6-6-5700019766_5.mp4
8523,swinging_flickr-0-0-0-4-8-3-7-9-4800048379_12.mp4
8524,swinging_flickr-0-0-1-9-6-1-9-3-12000196193_6.mp4
8525,swinging_flickr-0-0-3-6-8-9-3-8-3800368938_12.mp4
8526,swinging_flickr-0-0-9-6-1-6-5-0-2400961650_9.mp4
8527,swinging_flickr-0-1-1-0-1-4-0-0-2401101400_19.mp4
8528,swinging_flickr-0-1-6-1-8-9-0-0-5601618900_7.mp4
8529,swinging_flickr-0-1-8-1-3-8-4-3-2901813843_6.mp4
8530,swinging_flickr-0-2-6-5-4-2-0-0-2902654200_1.mp4
8531,swinging_flickr-0-4-6-7-5-5-6-8-4104675568_14.mp4
8532,swinging_flickr-0-6-0-2-0-2-0-7-7106020207_5.mp4
8533,swinging_flickr-0-6-4-2-3-8-7-4-8006423874_7.mp4
8534,swinging_flickr-0-9-3-8-3-0-4-3-8009383043_2.mp4
8535,swinging_flickr-1-1-4-1-2-5-9-2-4611412592_39.mp4
8536,swinging_flickr-1-1-4-5-8-0-4-9-2911458049_36.mp4
8537,swinging_flickr-1-2-1-0-3-0-4-0-8612103040_25.mp4
8538,swinging_flickr-1-2-9-6-6-5-9-4-3312966594_8.mp4
8539,swinging_flickr-1-3-6-9-4-1-5-2-3213694152_21.mp4
8540,swinging_flickr-1-3-8-8-6-1-5-7-5113886157_11.mp4
8541,swinging_flickr-1-4-2-9-0-0-8-5-14314290085_3.mp4
8542,swinging_flickr-1-4-8-6-5-5-1-5-10614865515_6.mp4
8543,swinging_flickr-1-4-9-2-9-2-0-4-10614929204_4.mp4
8544,swinging_flickr-1-5-4-5-8-9-2-2-3615458922_6.mp4
8545,swinging_flickr-1-6-4-4-5-3-5-3-8016445353_6.mp4
8546,swinging_flickr-1-6-8-0-9-2-4-0-2916809240_24.mp4
8547,swinging_flickr-1-7-4-9-9-0-5-7-2917499057_2.mp4
8548,swinging_flickr-1-8-8-7-4-2-3-9-2418874239_19.mp4
8549,swinging_flickr-1-9-2-3-8-5-4-9-2419238549_6.mp4
8550,swinging_flickr-1-9-3-2-2-1-5-5-2519322155_1.mp4
8551,swinging_flickr-2-6-0-3-9-0-6-2-2926039062_6.mp4
8552,swinging_flickr-2-7-3-4-6-5-5-3-24227346553_33.mp4
8553,swinging_flickr-2-7-9-8-8-4-8-7-2627988487_4.mp4
8554,swinging_flickr-2-7-9-9-3-3-8-3-2627993383_11.mp4
8555,swinging_flickr-2-8-8-8-1-3-9-1-4928881391_16.mp4
8556,swinging_flickr-2-9-5-9-6-4-9-1-3229596491_48.mp4
8557,swinging_flickr-3-0-1-8-3-5-2-2-3330183522_49.mp4
8558,swinging_flickr-3-0-7-0-6-1-4-7-2430706147_4.mp4
8559,swinging_flickr-3-1-4-4-1-9-2-1-3031441921_1.mp4
8560,swinging_flickr-3-7-7-0-4-5-1-5-2937704515_11.mp4
8561,swinging_flickr-3-9-0-6-2-9-8-3-13539062983_5.mp4
8562,swinging_flickr-3-9-4-3-1-9-6-5-13639431965_1.mp4
8563,swinging_flickr-4-0-0-0-2-2-5-8-3640002258_1.mp4
8564,swinging_flickr-4-1-6-9-7-5-8-9-2641697589_4.mp4
8565,swinging_flickr-4-9-2-6-0-4-3-6-2849260436_6.mp4
8566,swinging_flickr-4-9-4-9-9-8-8-5-10049499885_6.mp4
8567,swinging_flickr-5-3-5-8-1-9-2-9-3653581929_23.mp4
8568,swinging_flickr-5-9-3-9-5-4-6-4-8659395464_5.mp4
8569,swinging_flickr-6-1-0-5-4-3-0-6-7461054306_56.mp4
8570,swinging_flickr-6-1-1-6-4-3-4-6-7861164346_6.mp4
8571,swinging_flickr-6-3-9-5-5-6-3-8-5563955638_14.mp4
8572,swinging_flickr-6-6-1-7-5-2-3-8-2466175238_14.mp4
8573,swinging_flickr-6-6-5-3-7-7-5-4-2466537754_13.mp4
8574,swinging_flickr-6-7-5-3-8-1-2-5-3467538125_15.mp4
8575,swinging_flickr-6-8-9-9-0-2-0-3-19168990203_2.mp4
8576,swinging_flickr-7-0-1-5530972701_24.mp4
8577,swinging_flickr-7-2-5-1-3-4-2-1-2472513421_1.mp4
8578,swinging_flickr-7-2-9-8-1-1-0-7-8972981107_6.mp4
8579,swinging_flickr-7-4-2-1-4-9-4-3-2474214943_4.mp4
8580,swinging_flickr-7-5-6-7-2-9-0-8-2775672908_18.mp4
8581,swinging_flickr-7-8-0-7-9-5-5-4-5778079554_3.mp4
8582,swinging_flickr-8-0-5-6-9-8-4-3-10280569843_32.mp4
8583,swinging_flickr-8-0-5-8-8-3-7-1-2480588371_5.mp4
8584,swinging_flickr-8-4-2-3-1-4-8-5-5784231485_5.mp4
8585,swinging_flickr-8-4-5-8-0-4-0-8-2484580408_18.mp4
8586,swinging_flickr-8-5-3-4-4-0-8-3-3085344083_24.mp4
8587,swinging_flickr-8-5-6-1-4-4-5-2-4385614452_26.mp4
8588,swinging_flickr-9-0-9-5-7-9-3-5-5590957935_41.mp4
8589,swinging_flickr-9-1-9-7-7-0-0-8-4991977008_32.mp4
8590,swinging_flickr-9-2-5-2-9-6-5-1-3992529651_19.mp4
8591,swinging_flickr-9-3-3-6-9-7-5-4-3993369754_21.mp4
8592,swinging_flickr-9-4-2-7-1-2-2-0-3994271220_14.mp4
8593,swinging_flickr-9-8-5-1-4-2-1-7-4298514217_21.mp4
8594,swinging_flickr-9-9-0-9-1-9-6-1-25299091961_10.mp4
8595,swinging_flickr-9-9-7-9-2-7-4-6-7199792746_11.mp4
8596,talking_0-0-0-3266635000.mp4
8597,talking_0-0-1-2510914001.mp4
8598,talking_0-0-1-5168116001.mp4
8599,talking_0-0-1-7069891001.mp4
8600,talking_0-0-2-0-3-4-0-4-9400203404.mp4
8601,talking_0-0-2-6-2-6-1-7-5600262617_41.mp4
8602,talking_0-0-3-9812265003.mp4
8603,talking_0-0-9-4-2-7-5-7-5600942757.mp4
8604,talking_0-0-9-6069735009.mp4
8605,talking_0-1-0-8-1-3-7-1-2701081371.mp4
8606,talking_0-1-1-6-7-6-2-9-3101167629.mp4
8607,talking_0-1-2-3-0-9-9-1-5201230991.mp4
8608,talking_0-1-3-9-2-1-0-9-6401392109.mp4
8609,talking_0-1-4-4-6-0-1-9-8801446019.mp4
8610,talking_0-1-5-3-4-9-1-9-3301534919.mp4
8611,talking_0-1-5-9-5-1-8-7-2401595187.mp4
8612,talking_0-2-2-4-0-0-1-7-2702240017.mp4
8613,talking_0-2-4-5-1-7-7-2-15002451772.mp4
8614,talking_0-2-8-4062842028.mp4
8615,talking_0-3-0-0-5-3-4-1-23203005341.mp4
8616,talking_0-3-1-9-6-2-2-5-5503196225.mp4
8617,talking_0-3-4-0-2-2-5-6-16603402256.mp4
8618,talking_0-3-4-3297878034.mp4
8619,talking_0-3-5-0-6-9-7-2-9103506972.mp4
8620,talking_0-3-6-7-0-4-2-0-4203670420.mp4
8621,talking_0-3-7-5-1-5-9-7-8103751597.mp4
8622,talking_0-3-8-6-7-8-9-6-7003867896.mp4
8623,talking_0-4-3-5402337043.mp4
8624,talking_0-4-4-4676795044.mp4
8625,talking_0-4-5-1-9-9-0-6-7904519906.mp4
8626,talking_0-4-6-7547980046.mp4
8627,talking_0-4-8-4-1-3-2-8-2504841328.mp4
8628,talking_0-5-0-4513111050.mp4
8629,talking_0-5-4-2-3-5-5-9-2505423559.mp4
8630,talking_0-6-8-3927431068.mp4
8631,talking_0-6-8-5-1-2-7-4-2506851274.mp4
8632,talking_0-7-0-2860800070.mp4
8633,talking_0-7-1-2765864071.mp4
8634,talking_0-7-2-5811132072.mp4
8635,talking_0-7-2-7-0-1-4-4-7007270144.mp4
8636,talking_0-7-5-2-3-2-2-3-16307523223.mp4
8637,talking_0-7-5-5-1-4-1-2-7907551412.mp4
8638,talking_0-7-6-4-7-6-5-3-4607647653.mp4
8639,talking_0-7-6-5-6-1-3-0-2707656130.mp4
8640,talking_0-8-2-2771865082.mp4
8641,talking_0-8-2-7-3-4-5-4-5608273454.mp4
8642,talking_0-8-3-7-9-1-7-7-5708379177.mp4
8643,talking_0-8-5-4-3-0-2-3-3908543023.mp4
8644,talking_0-8-5-5-2-6-5-4-2908552654.mp4
8645,talking_0-9-2-4806229092.mp4
8646,talking_0-9-4-5-7-2-5-8-2809457258.mp4
8647,talking_0-9-6-11810345096.mp4
8648,talking_0-9-6-5180390096.mp4
8649,talking_1-0-0-7904264100.mp4
8650,talking_1-0-0-8-5-3-3-3-6210085333.mp4
8651,talking_1-0-1-3317818101.mp4
8652,talking_1-1-2-2-0-2-9-4-2711220294.mp4
8653,talking_1-1-2-5-4-9-9-3-3511254993.mp4
8654,talking_1-1-3-2568595113.mp4
8655,talking_1-1-4-5516000114.mp4
8656,talking_1-1-9-1-3-4-8-4-13211913484.mp4
8657,talking_1-2-0-8-3-3-6-6-24812083366.mp4
8658,talking_1-2-4-1-5-0-9-0-17612415090.mp4
8659,talking_1-2-7-5-3-7-0-8-5712753708.mp4
8660,talking_1-3-0-6-0-1-5-4-2513060154.mp4
8661,talking_1-3-4-1-4-0-0-1-26013414001.mp4
8662,talking_1-4-0-1-5-7-0-3-4414015703.mp4
8663,talking_1-4-2-4-3-5-2-1-3214243521.mp4
8664,talking_1-4-5-4-8-6-3-4-4214548634.mp4
8665,talking_1-4-7-8929192147.mp4
8666,talking_1-4-9-3-7-0-3-9-6914937039.mp4
8667,talking_1-5-6-0-8-6-5-6-5415608656.mp4
8668,talking_1-5-6-2531130156.mp4
8669,talking_1-5-8-0-7-2-7-6-5215807276.mp4
8670,talking_1-6-0-2-9-1-8-2-8016029182.mp4
8671,talking_1-6-3-3-6-8-3-5-12616336835.mp4
8672,talking_1-6-4-2-3-9-3-4-7316423934.mp4
8673,talking_1-6-6-1-9-6-3-0-5116619630.mp4
8674,talking_1-7-0-1-1-5-3-1-8117011531.mp4
8675,talking_1-7-0-9-1-0-4-6-20917091046.mp4
8676,talking_1-7-3-8584845173.mp4
8677,talking_1-7-9-3253876179.mp4
8678,talking_1-7-9-9-2-7-5-1-5417992751.mp4
8679,talking_1-8-2-2614120182.mp4
8680,talking_1-8-2-6-4-5-5-3-5318264553.mp4
8681,talking_1-8-5-1-5-4-0-1-3418515401.mp4
8682,talking_1-8-6-4-5-3-5-4-9618645354.mp4
8683,talking_1-9-1-2457021191.mp4
8684,talking_1-9-2-5713780192.mp4
8685,talking_1-9-4-7686837194.mp4
8686,talking_1-9-7-2-9-1-6-3-6219729163.mp4
8687,talking_1-9-7-3-7-0-9-4-9819737094.mp4
8688,talking_1-9-7-7-7-8-4-3-4719777843.mp4
8689,talking_1-9-9-1-4-3-3-6-12019914336.mp4
8690,talking_2-0-5-8313532205.mp4
8691,talking_2-1-4-5655087214.mp4
8692,talking_2-2-2-9735533222.mp4
8693,talking_2-2-6-5940627226.mp4
8694,talking_2-4-2-4313802242.mp4
8695,talking_2-5-7-6889839257.mp4
8696,talking_2-6-5-3931303265.mp4
8697,talking_2-7-1-9211116271.mp4
8698,talking_2-7-2-8047236272.mp4
8699,talking_2-8-4-12888802284.mp4
8700,talking_2-8-6-3884176286.mp4
8701,talking_2-8-7-4458215287.mp4
8702,talking_2-9-1-6266205291.mp4
8703,talking_2-9-1-6942799291.mp4
8704,talking_2-9-8-5898744298.mp4
8705,talking_3-0-0-1-2-4-0-0-5330012400.mp4
8706,talking_3-0-4-5-6-1-0-3-3730456103.mp4
8707,talking_3-0-5-5607169305.mp4
8708,talking_3-0-5-6-5-9-0-8-18230565908.mp4
8709,talking_3-0-8-3-3-4-7-3-7030833473.mp4
8710,talking_3-0-8-6-6-0-6-1-2630866061.mp4
8711,talking_3-1-1-2399353311.mp4
8712,talking_3-1-6-10219844316.mp4
8713,talking_3-1-6-5053926316.mp4
8714,talking_3-1-8-5-0-4-7-1-23531850471.mp4
8715,talking_3-1-9-9-2-9-0-7-2931992907.mp4
8716,talking_3-2-0-7-8-6-9-5-4232078695.mp4
8717,talking_3-2-1-7159335321.mp4
8718,talking_3-2-5-9-4-5-0-4-2532594504.mp4
8719,talking_3-2-7-4-1-2-3-7-5532741237.mp4
8720,talking_3-3-5-10109352335.mp4
8721,talking_3-5-0-6-9-3-0-5-16335069305.mp4
8722,talking_3-5-1-5-8-6-2-0-8135158620.mp4
8723,talking_3-5-4-5-1-3-9-2-3335451392.mp4
8724,talking_3-5-8-9-9-5-9-8-4335899598.mp4
8725,talking_3-5-9-1-4-7-0-3-3135914703.mp4
8726,talking_3-6-0-4-7-5-4-6-8136047546.mp4
8727,talking_3-6-3-13719379363.mp4
8728,talking_3-6-6-3-6-7-0-0-4836636700.mp4
8729,talking_3-6-9-3497506369.mp4
8730,talking_3-7-3-3-1-3-8-4-8637331384.mp4
8731,talking_3-7-5-8015718375.mp4
8732,talking_3-8-2-8-8-2-9-4-16338288294.mp4
8733,talking_3-8-3-5-5-7-1-8-17138355718.mp4
8734,talking_3-8-6-4491890386.mp4
8735,talking_3-8-8-0-6-6-8-0-5138806680.mp4
8736,talking_3-8-8-7-6-3-5-3-15538876353.mp4
8737,talking_3-8-9-0-9-5-9-7-2538909597.mp4
8738,talking_3-8-9-9-2-8-0-6-2638992806.mp4
8739,talking_3-9-4-8-0-7-1-9-6439480719.mp4
8740,talking_3-9-5-2-8-1-5-9-3139528159.mp4
8741,talking_3-9-5-9-6-3-5-0-3439596350.mp4
8742,talking_3-9-6-9-1-3-5-9-6639691359.mp4
8743,talking_3-9-8-7-3-6-4-3-14639873643.mp4
8744,talking_3-9-8-9-9-5-1-0-7439899510.mp4
8745,talking_3946146421.mp4
8746,talking_4-0-0-2-7-5-1-0-9640027510.mp4
8747,talking_4-0-1-4-8-6-5-0-4240148650.mp4
8748,talking_4-0-3-3-6-5-6-8-2940336568.mp4
8749,talking_4-0-7-1-0-0-3-8-5740710038.mp4
8750,talking_4-1-2-2-3-7-8-9-24641223789.mp4
8751,talking_4-1-2-7758221412.mp4
8752,talking_4-1-4-5-0-7-7-6-7241450776.mp4
8753,talking_4-1-5-0-6-7-7-6-4541506776.mp4
8754,talking_4-1-5-1-7-2-6-2-7841517262.mp4
8755,talking_4-1-5-4219155415.mp4
8756,talking_4-1-6-5-6-1-8-6-9141656186.mp4
8757,talking_4-2-0-5-3-7-7-6-10842053776.mp4
8758,talking_4-2-2-9-3-9-9-7-3042293997.mp4
8759,talking_4-2-4-0-2-2-7-1-4742402271.mp4
8760,talking_4-2-9-3-4-7-3-0-5142934730.mp4
8761,talking_4-3-7-4-3-4-4-2-22043743442_6.mp4
8762,talking_4-4-3-13624410443.mp4
8763,talking_4-4-5-3-3-4-3-7-5344533437.mp4
8764,talking_4-4-5-5-9-6-8-0-25244559680.mp4
8765,talking_4-4-5-6-0-4-1-7-2844560417.mp4
8766,talking_4-4-6-7-3-8-3-8-2444673838.mp4
8767,talking_4-4-7-3-7-8-8-1-6044737881.mp4
8768,talking_4-4-7-5-5-4-1-0-18944755410.mp4
8769,talking_4-4-9-6129207449.mp4
8770,talking_4-5-3-5-6-0-1-2-2545356012.mp4
8771,talking_4-5-4-7-3-2-2-3-12145473223.mp4
8772,talking_4-5-5-4-3-9-3-4-2945543934.mp4
8773,talking_4-5-5-8578607455.mp4
8774,talking_4-5-6-5-9-9-3-5-6745659935.mp4
8775,talking_4-6-3-1-4-3-8-8-7346314388.mp4
8776,talking_4-6-3-9-0-6-4-4-10646390644.mp4
8777,talking_4-6-4-1-2-3-4-8-4646412348.mp4
8778,talking_4-6-6-7-3-7-7-1-2546673771.mp4
8779,talking_4-6-8-6-5-0-4-0-25946865040.mp4
8780,talking_4-7-2-2432614472.mp4
8781,talking_4-7-3-5-8-9-4-4-9147358944.mp4
8782,talking_4-7-3-6-1-2-1-0-9447361210.mp4
8783,talking_4-7-3-9827941473.mp4
8784,talking_4-7-5-7-6-3-5-8-8547576358.mp4
8785,talking_4-7-7-5675910477.mp4
8786,talking_4-8-4-4716548484.mp4
8787,talking_4-8-7-6475562487.mp4
8788,talking_4-8-8-2-8-2-9-6-3948828296.mp4
8789,talking_4-9-2-5988604492.mp4
8790,talking_4-9-3-0-4-8-9-0-17749304890.mp4
8791,talking_4-9-4-5-4-6-3-3-3149454633.mp4
8792,talking_4769460781.mp4
8793,talking_4869005207.mp4
8794,talking_4997765124.mp4
8795,talking_5-0-0-0-5-2-9-7-6750005297.mp4
8796,talking_5-0-2-9044555502.mp4
8797,talking_5-0-6-8-8-7-1-3-16650688713.mp4
8798,talking_5-2-3-3-9-3-5-8-15352339358.mp4
8799,talking_5-2-7-4-9-5-2-0-15452749520.mp4
8800,talking_5-2-7-6-0-7-5-6-2952760756.mp4
8801,talking_5-2-8-1-7-2-1-3-14752817213.mp4
8802,talking_5-3-1-5794306531.mp4
8803,talking_5-3-5-1-2-3-3-9-8053512339.mp4
8804,talking_5-3-7-8-5-6-6-5-3253785665.mp4
8805,talking_5-3-9-0-5-2-1-5-2853905215.mp4
8806,talking_5-4-3-0-5-8-3-2-6254305832.mp4
8807,talking_5-4-3-5-7-0-3-6-6954357036.mp4
8808,talking_5-4-3-6717077543.mp4
8809,talking_5-4-3-8-8-3-5-5-9654388355.mp4
8810,talking_5-4-5-2-2-4-8-5-8454522485.mp4
8811,talking_5-4-6-1-2-1-2-2-3554612122.mp4
8812,talking_5-5-1-4567024551.mp4
8813,talking_5-5-3-11412198553.mp4
8814,talking_5-5-3-4542481553.mp4
8815,talking_5-5-5-6870418555.mp4
8816,talking_5-5-8-5-5-7-5-0-2855855750.mp4
8817,talking_5-5-9-3-8-1-8-5-8755938185.mp4
8818,talking_5-6-5-5490288565.mp4
8819,talking_5-7-0-0-7-8-1-6-2757007816.mp4
8820,talking_5-7-4-3-0-7-0-7-2957430707.mp4
8821,talking_5-8-0-5-2-6-6-3-2858052663.mp4
8822,talking_5-8-1-8-7-9-9-5-2458187995.mp4
8823,talking_5-8-2-3098099582.mp4
8824,talking_5-8-2-4-4-7-8-6-3058244786.mp4
8825,talking_5-8-2-7-0-5-4-6-5358270546.mp4
8826,talking_5-8-3-9-3-5-9-9-17658393599.mp4
8827,talking_5-9-2-0-0-4-2-6-11359200426.mp4
8828,talking_5-9-3-8530007593.mp4
8829,talking_5-9-7-7-6-5-0-6-5959776506.mp4
8830,talking_5-9-8-9-4-5-6-4-8559894564.mp4
8831,talking_5556213806.mp4
8832,talking_5854819677.mp4
8833,talking_5957382530.mp4
8834,talking_6-0-2-7-1-9-0-1-19160271901.mp4
8835,talking_6-1-1-1-0-6-0-4-3861110604.mp4
8836,talking_6-1-3-7-6-5-0-1-3261376501.mp4
8837,talking_6-1-4-12963356614.mp4
8838,talking_6-1-5-10838889615.mp4
8839,talking_6-1-5-2-3-7-7-6-10161523776.mp4
8840,talking_6-1-5-2-5-9-2-6-9661525926.mp4
8841,talking_6-1-6-1-7-4-2-1-5461617421.mp4
8842,talking_6-1-8-1-9-7-2-6-2761819726.mp4
8843,talking_6-1-9-8-3-2-3-5-11261983235.mp4
8844,talking_6-1-9-8-5-0-2-5-5361985025.mp4
8845,talking_6-2-0-2824769620.mp4
8846,talking_6-2-3-3-5-5-9-1-5962335591.mp4
8847,talking_6-2-3-4-8-9-0-0-16662348900.mp4
8848,talking_6-2-3-7-6-9-3-1-7162376931.mp4
8849,talking_6-2-5-2998781625.mp4
8850,talking_6-2-9-4-3-8-7-9-4762943879.mp4
8851,talking_6-3-1-1-5-0-9-7-5263115097.mp4
8852,talking_6-3-2-6-7-4-0-0-7563267400.mp4
8853,talking_6-3-2-7-0-4-0-0-24463270400.mp4
8854,talking_6-3-3-4760878633.mp4
8855,talking_6-3-3-7-6-3-3-5-15163376335.mp4
8856,talking_6-3-5-2-2-4-5-8-6863522458.mp4
8857,talking_6-3-6-7499375636.mp4
8858,talking_6-4-0-9-2-1-4-0-6264092140.mp4
8859,talking_6-4-1-3-2-7-0-1-3464132701.mp4
8860,talking_6-4-1-6568942641.mp4
8861,talking_6-4-9-8-7-6-9-3-3264987693_23.mp4
8862,talking_6-5-5-9-4-3-1-7-4165594317.mp4
8863,talking_6-6-1-2-4-8-6-9-15066124869.mp4
8864,talking_6-6-7-1-1-7-4-8-4766711748.mp4
8865,talking_6-6-7-3003167667.mp4
8866,talking_6-6-8-5900897668.mp4
8867,talking_6-6-9-4-1-3-9-8-6866941398.mp4
8868,talking_6-7-4-3629849674.mp4
8869,talking_6-7-5-12570067675.mp4
8870,talking_6-7-5-7-0-7-4-9-2967570749.mp4
8871,talking_6-8-3-4-9-4-7-7-6868349477.mp4
8872,talking_6-8-7-3680081687.mp4
8873,talking_6-9-2-4-5-4-1-2-16169245412.mp4
8874,talking_6-9-3-3-0-1-5-5-6569330155.mp4
8875,talking_6-9-3-9-8-1-4-9-2869398149.mp4
8876,talking_6-9-6-5076058696.mp4
8877,talking_6-9-7-2-2-1-5-7-4669722157.mp4
8878,talking_6-9-7-5124781697.mp4
8879,talking_6396432581.mp4
8880,talking_6710596535.mp4
8881,talking_7-0-1-6-8-4-1-3-2970168413.mp4
8882,talking_7-0-3-8-3-0-2-2-14170383022.mp4
8883,talking_7-0-5-4767895705.mp4
8884,talking_7-0-6-1-4-9-9-3-2570614993.mp4
8885,talking_7-0-6-10387889706.mp4
8886,talking_7-1-3-7-7-2-8-0-4871377280.mp4
8887,talking_7-1-6-4710380716.mp4
8888,talking_7-1-8-0-6-6-5-3-2471806653.mp4
8889,talking_7-1-9-9-5-7-5-5-4971995755.mp4
8890,talking_7-1-9-9051000719.mp4
8891,talking_7-3-0-6037308730.mp4
8892,talking_7-3-1-3461187731.mp4
8893,talking_7-3-1-7-1-4-3-0-5273171430.mp4
8894,talking_7-3-2-3521897732.mp4
8895,talking_7-3-8-8-3-0-4-1-3573883041.mp4
8896,talking_7-4-5-2770138745.mp4
8897,talking_7-5-0-3-0-5-0-3-16675030503.mp4
8898,talking_7-5-1-3-0-5-2-0-14675130520.mp4
8899,talking_7-5-1-7-0-5-1-6-4775170516.mp4
8900,talking_7-5-3-7-1-7-9-2-24575371792.mp4
8901,talking_7-5-5-4-6-4-5-1-3475546451.mp4
8902,talking_7-5-7-2347721757.mp4
8903,talking_7-5-7-9-1-1-0-6-4075791106.mp4
8904,talking_7-5-9-3-6-5-9-5-3775936595.mp4
8905,talking_7-5-9-4297171759.mp4
8906,talking_7-6-3-9-2-0-4-0-5876392040.mp4
8907,talking_7-6-4-2-2-1-5-4-4376422154.mp4
8908,talking_7-6-7-9-6-7-2-1-4676796721.mp4
8909,talking_7-7-2-1-7-9-5-7-8077217957.mp4
8910,talking_7-7-4-0-8-2-3-2-21577408232.mp4
8911,talking_7-7-8-4-3-1-9-2-6177843192.mp4
8912,talking_7-7-9-8-3-2-4-5-4477983245.mp4
8913,talking_7-8-0-2-1-7-0-0-3778021700.mp4
8914,talking_7-8-1-9-9-7-0-4-11378199704.mp4
8915,talking_7-8-2-0-3-9-8-2-3678203982.mp4
8916,talking_7-9-1-4-5-9-8-4-3779145984.mp4
8917,talking_7-9-1-6-8-6-5-6-5579168656.mp4
8918,talking_7-9-2-3-7-6-9-0-24279237690.mp4
8919,talking_7-9-2-6804993792.mp4
8920,talking_7-9-3-6938012793.mp4
8921,talking_7-9-3-7-4-1-6-5-21079374165.mp4
8922,talking_7-9-4-6-6-3-2-8-16179466328.mp4
8923,talking_7-9-6-0-6-5-9-8-14079606598.mp4
8924,talking_7-9-6-1-7-9-1-4-5979617914.mp4
8925,talking_7-9-6-4-3-8-7-8-3879643878.mp4
8926,talking_7-9-8-4014703798.mp4
8927,talking_7111061131.mp4
8928,talking_7526226876.mp4
8929,talking_7625892024.mp4
8930,talking_8-0-2-2-1-6-7-6-3480221676.mp4
8931,talking_8-0-2-6902019802.mp4
8932,talking_8-0-3-8063369803.mp4
8933,talking_8-0-4-4-1-0-2-3-3580441023.mp4
8934,talking_8-0-4-9-0-3-8-5-4180490385.mp4
8935,talking_8-0-5-0-7-2-7-6-2880507276.mp4
8936,talking_8-0-5-2-4-2-6-4-2780524264.mp4
8937,talking_8-0-5-5815761805.mp4
8938,talking_8-1-0-9654538810.mp4
8939,talking_8-1-5-14039471815.mp4
8940,talking_8-1-9-5235140819.mp4
8941,talking_8-2-4-4536497824.mp4
8942,talking_8-3-2-2481133832.mp4
8943,talking_8-3-2-2697972832.mp4
8944,talking_8-3-6-3957176836.mp4
8945,talking_8-5-4-9544158854.mp4
8946,talking_8-5-5-2771584855.mp4
8947,talking_8-6-1-2712987861.mp4
8948,talking_8-6-1-4609223861.mp4
8949,talking_8-6-9-4676602869.mp4
8950,talking_8-7-0-7593813870.mp4
8951,talking_8-7-5-4-7-4-9-9-6687547499.mp4
8952,talking_8-7-6-6-4-7-6-8-8687664768.mp4
8953,talking_8-7-7-4-5-4-0-2-2987745402.mp4
8954,talking_8-8-3-3015915883.mp4
8955,talking_8-8-5-4182713885.mp4
8956,talking_8-9-0-9064908890.mp4
8957,talking_8-9-1-9720239891.mp4
8958,talking_8161651475.mp4
8959,talking_8559126279.mp4
8960,talking_8651670799.mp4
8961,talking_9-0-1-5-5-2-9-6-4590155296.mp4
8962,talking_9-0-7-0-6-0-7-5-11990706075.mp4
8963,talking_9-0-7-1-6-1-5-4-5390716154.mp4
8964,talking_9-1-0-0-7-9-0-8-7391007908.mp4
8965,talking_9-1-0-6-4-4-7-9-5291064479.mp4
8966,talking_9-1-2-4686782912.mp4
8967,talking_9-1-2-6-5-5-9-8-2991265598.mp4
8968,talking_9-1-2-9-1-7-2-6-25491291726.mp4
8969,talking_9-1-3-6181547913.mp4
8970,talking_9-1-5-5-4-7-3-9-5391554739.mp4
8971,talking_9-1-7-9-1-9-8-0-14291791980.mp4
8972,talking_9-1-8-3601715918.mp4
8973,talking_9-2-2-9643456922.mp4
8974,talking_9-2-3-4508165923.mp4
8975,talking_9-2-4-3-6-3-5-7-3792436357.mp4
8976,talking_9-2-5-8-8-8-4-2-6292588842.mp4
8977,talking_9-2-9-4740974929.mp4
8978,talking_9-3-1-0-9-2-4-5-5293109245.mp4
8979,talking_9-3-1-4-8-1-3-6-4093148136.mp4
8980,talking_9-3-2-4-7-5-6-3-4793247563.mp4
8981,talking_9-3-9-3438009939.mp4
8982,talking_9-4-1-6-5-6-0-1-25694165601.mp4
8983,talking_9-4-2-8671286942.mp4
8984,talking_9-4-4-1-8-5-6-1-2794418561.mp4
8985,talking_9-4-6-4539972946.mp4
8986,talking_9-5-3-2-2-7-5-5-7995322755.mp4
8987,talking_9-5-3-8-3-7-8-7-6495383787.mp4
8988,talking_9-5-3-9-7-0-9-3-23895397093.mp4
8989,talking_9-5-4-0-8-2-4-5-2795408245.mp4
8990,talking_9-5-4-8706607954.mp4
8991,talking_9-5-8-6144676958.mp4
8992,talking_9-5-9-5-2-3-3-8-3995952338.mp4
8993,talking_9-6-2-2622059962.mp4
8994,talking_9-6-4-9-0-9-3-1-4196490931.mp4
8995,talking_9-6-5-4945586965.mp4
8996,talking_9-6-7-7-5-9-3-4-11196775934.mp4
8997,talking_9-6-8-3510553968.mp4
8998,talking_9-6-8-8368199968.mp4
8999,talking_9-7-1-5-3-2-6-5-5497153265_5.mp4